<?xml version="1.0" encoding="UTF-8"?><rss version="2.0"
	xmlns:content="http://purl.org/rss/1.0/modules/content/"
	xmlns:dc="http://purl.org/dc/elements/1.1/"
	xmlns:atom="http://www.w3.org/2005/Atom"
	xmlns:sy="http://purl.org/rss/1.0/modules/syndication/"
	
	>
<channel>
	<title>
	Comments on: Jio Saavn Pro MOD	</title>
	<atom:link href="/2022/08/15/jio-saavn-pro/feed/?simply_static_page=293" rel="self" type="application/rss+xml" />
	<link>/2022/08/15/jio-saavn-pro/</link>
	<description>Just Get It</description>
	<lastBuildDate>Fri, 02 Sep 2022 05:06:57 +0000</lastBuildDate>
	<sy:updatePeriod>
	hourly	</sy:updatePeriod>
	<sy:updateFrequency>
	1	</sy:updateFrequency>
	<generator>https://wordpress.org/?v=6.1.1</generator>
</channel>
</rss>
