<?xml version="1.0" encoding="UTF-8"?><rss version="2.0"
	xmlns:content="http://purl.org/rss/1.0/modules/content/"
	xmlns:dc="http://purl.org/dc/elements/1.1/"
	xmlns:atom="http://www.w3.org/2005/Atom"
	xmlns:sy="http://purl.org/rss/1.0/modules/syndication/"
	
	>
<channel>
	<title>
	Comments on: Inshot Premium	</title>
	<atom:link href="/2022/08/15/inshot-premium/feed/?simply_static_page=284" rel="self" type="application/rss+xml" />
	<link>/2022/08/15/inshot-premium/</link>
	<description>Just Get It</description>
	<lastBuildDate>Mon, 15 Aug 2022 13:04:34 +0000</lastBuildDate>
	<sy:updatePeriod>
	hourly	</sy:updatePeriod>
	<sy:updateFrequency>
	1	</sy:updateFrequency>
	<generator>https://wordpress.org/?v=6.1.1</generator>
</channel>
</rss>
