<?xml version="1.0" encoding="UTF-8"?><rss version="2.0"
	xmlns:content="http://purl.org/rss/1.0/modules/content/"
	xmlns:dc="http://purl.org/dc/elements/1.1/"
	xmlns:atom="http://www.w3.org/2005/Atom"
	xmlns:sy="http://purl.org/rss/1.0/modules/syndication/"
	
	>
<channel>
	<title>
	Comments on: Microsoft Office 2019 PRE ACTIVATED	</title>
	<atom:link href="/2022/11/28/microsoft-office-2019-pre-activated/feed/?simply_static_page=207" rel="self" type="application/rss+xml" />
	<link>/2022/11/28/microsoft-office-2019-pre-activated/</link>
	<description>Just Get It</description>
	<lastBuildDate>Mon, 28 Nov 2022 06:18:26 +0000</lastBuildDate>
	<sy:updatePeriod>
	hourly	</sy:updatePeriod>
	<sy:updateFrequency>
	1	</sy:updateFrequency>
	<generator>https://wordpress.org/?v=6.1.1</generator>
</channel>
</rss>
