<?xml version="1.0" encoding="UTF-8"?><rss version="2.0"
	xmlns:content="http://purl.org/rss/1.0/modules/content/"
	xmlns:dc="http://purl.org/dc/elements/1.1/"
	xmlns:atom="http://www.w3.org/2005/Atom"
	xmlns:sy="http://purl.org/rss/1.0/modules/syndication/"
	
	>
<channel>
	<title>
	Comments on: Spotify Premium MOD	</title>
	<atom:link href="/2022/08/15/spotify-premium/feed/?simply_static_page=275" rel="self" type="application/rss+xml" />
	<link>/2022/08/15/spotify-premium/</link>
	<description>Just Get It</description>
	<lastBuildDate>Sun, 04 Sep 2022 15:14:39 +0000</lastBuildDate>
	<sy:updatePeriod>
	hourly	</sy:updatePeriod>
	<sy:updateFrequency>
	1	</sy:updateFrequency>
	<generator>https://wordpress.org/?v=6.1.1</generator>
</channel>
</rss>
