<?xml version="1.0" encoding="UTF-8"?><rss version="2.0"
	xmlns:content="http://purl.org/rss/1.0/modules/content/"
	xmlns:wfw="http://wellformedweb.org/CommentAPI/"
	xmlns:dc="http://purl.org/dc/elements/1.1/"
	xmlns:atom="http://www.w3.org/2005/Atom"
	xmlns:sy="http://purl.org/rss/1.0/modules/syndication/"
	xmlns:slash="http://purl.org/rss/1.0/modules/slash/"
	>

<channel>
	<title>Extreme Hub</title>
	<atom:link href="/feed/?simply_static_page=102" rel="self" type="application/rss+xml" />
	<link>/</link>
	<description>Just Get It</description>
	<lastBuildDate>Tue, 17 Jan 2023 06:39:15 +0000</lastBuildDate>
	<language>en-US</language>
	<sy:updatePeriod>
	hourly	</sy:updatePeriod>
	<sy:updateFrequency>
	1	</sy:updateFrequency>
	<generator>https://wordpress.org/?v=6.1.1</generator>

<image>
	<url>/wp-content/uploads/2022/08/wp-1660557676770-100x100.png</url>
	<title>Extreme Hub</title>
	<link>/</link>
	<width>32</width>
	<height>32</height>
</image> 
	<item>
		<title>True Caller(MOD-Pro+Gold Unlocked)</title>
		<link>/2023/01/02/true-callermod-progold-unlocked/</link>
					<comments>/2023/01/02/true-callermod-progold-unlocked/#respond</comments>
		
		<dc:creator><![CDATA[Extreme Hub]]></dc:creator>
		<pubDate>Mon, 02 Jan 2023 12:58:16 +0000</pubDate>
				<category><![CDATA[APK]]></category>
		<guid isPermaLink="false">/?p=486</guid>

					<description><![CDATA[<p>The post <a rel="nofollow" href="/2023/01/02/true-callermod-progold-unlocked/">True Caller(MOD-Pro+Gold Unlocked)</a> appeared first on <a rel="nofollow" href="/">Extreme Hub</a>.</p>
]]></description>
										<content:encoded><![CDATA[
<figure class="wp-block-image size-full"><img decoding="async" width="836" height="484" src="/wp-content/uploads/2023/01/truecaller-caller-id-block-free-download-1.jpg" alt="" class="wp-image-488" srcset="/wp-content/uploads/2023/01/truecaller-caller-id-block-free-download-1.jpg 836w, /wp-content/uploads/2023/01/truecaller-caller-id-block-free-download-1-300x174.jpg 300w, /wp-content/uploads/2023/01/truecaller-caller-id-block-free-download-1-768x445.jpg 768w, /wp-content/uploads/2023/01/truecaller-caller-id-block-free-download-1-600x347.jpg 600w" sizes="(max-width: 836px) 100vw, 836px" /></figure>



<div class="is-layout-flex wp-block-buttons">
<div class="wp-block-button aligncenter"><a class="wp-block-button__link wp-element-button" href="https://drive.google.com/uc?export=download&amp;id=1pcc54eE6G3jW16bUzUHrV_yoZP4Z22SN" target="_blank" rel="noreferrer noopener">Download</a></div>
</div>
<p>The post <a rel="nofollow" href="/2023/01/02/true-callermod-progold-unlocked/">True Caller(MOD-Pro+Gold Unlocked)</a> appeared first on <a rel="nofollow" href="/">Extreme Hub</a>.</p>
]]></content:encoded>
					
					<wfw:commentRss>/2023/01/02/true-callermod-progold-unlocked/feed/</wfw:commentRss>
			<slash:comments>0</slash:comments>
		
		
			</item>
		<item>
		<title>Microsoft Office 2019 PRE ACTIVATED</title>
		<link>/2022/11/28/microsoft-office-2019-pre-activated/</link>
					<comments>/2022/11/28/microsoft-office-2019-pre-activated/#respond</comments>
		
		<dc:creator><![CDATA[Extreme Hub]]></dc:creator>
		<pubDate>Mon, 28 Nov 2022 06:15:58 +0000</pubDate>
				<category><![CDATA[APK]]></category>
		<guid isPermaLink="false">/?p=423</guid>

					<description><![CDATA[<p>The post <a rel="nofollow" href="/2022/11/28/microsoft-office-2019-pre-activated/">Microsoft Office 2019 PRE ACTIVATED</a> appeared first on <a rel="nofollow" href="/">Extreme Hub</a>.</p>
]]></description>
										<content:encoded><![CDATA[<div class="wp-block-image">
<figure class="aligncenter size-large"><img decoding="async" loading="lazy" width="300" height="169" src="/wp-content/uploads/2022/11/03bB3uVy777JAcn4AxkGMev-13.fit_scale.size_760x427.v1569473754-2-300x169.jpg" alt="" class="wp-image-420" srcset="/wp-content/uploads/2022/11/03bB3uVy777JAcn4AxkGMev-13.fit_scale.size_760x427.v1569473754-2-300x169.jpg 300w, /wp-content/uploads/2022/11/03bB3uVy777JAcn4AxkGMev-13.fit_scale.size_760x427.v1569473754-2-600x338.jpg 600w, /wp-content/uploads/2022/11/03bB3uVy777JAcn4AxkGMev-13.fit_scale.size_760x427.v1569473754-2.jpg 758w" sizes="(max-width: 300px) 100vw, 300px" /></figure></div>


<div class="is-content-justification-center is-layout-flex wp-container-2 wp-block-buttons">
<div class="wp-block-button"><a class="wp-block-button__link has-vivid-cyan-blue-background-color has-background wp-element-button" href="https://drive.google.com/file/d/1wQjY43crfZ-LGJd0i1yfKyXwnFu1iBTl/view?usp=drivesdk">Download</a></div>
</div>
<p>The post <a rel="nofollow" href="/2022/11/28/microsoft-office-2019-pre-activated/">Microsoft Office 2019 PRE ACTIVATED</a> appeared first on <a rel="nofollow" href="/">Extreme Hub</a>.</p>
]]></content:encoded>
					
					<wfw:commentRss>/2022/11/28/microsoft-office-2019-pre-activated/feed/</wfw:commentRss>
			<slash:comments>0</slash:comments>
		
		
			</item>
		<item>
		<title>Pika Show</title>
		<link>/2022/08/20/pika-show/</link>
					<comments>/2022/08/20/pika-show/#respond</comments>
		
		<dc:creator><![CDATA[Extreme Hub]]></dc:creator>
		<pubDate>Sat, 20 Aug 2022 17:06:55 +0000</pubDate>
				<category><![CDATA[APK]]></category>
		<guid isPermaLink="false">/2022/08/20/pika-show/</guid>

					<description><![CDATA[<p>The post <a rel="nofollow" href="/2022/08/20/pika-show/">Pika Show</a> appeared first on <a rel="nofollow" href="/">Extreme Hub</a>.</p>
]]></description>
										<content:encoded><![CDATA[<div class="wp-block-image">
<figure class="aligncenter size-large"><img decoding="async" loading="lazy" width="640" height="360" src="/wp-content/uploads/2022/08/Download-Pikashow-APK-MOD-for-Android.webp" alt="" class="wp-image-211" srcset="/wp-content/uploads/2022/08/Download-Pikashow-APK-MOD-for-Android.webp 640w, /wp-content/uploads/2022/08/Download-Pikashow-APK-MOD-for-Android-300x169.webp 300w, /wp-content/uploads/2022/08/Download-Pikashow-APK-MOD-for-Android-600x338.webp 600w" sizes="(max-width: 640px) 100vw, 640px" /></figure></div>


<div class="is-content-justification-center is-layout-flex wp-container-3 wp-block-buttons">
<div class="wp-block-button <!-- HTML !--&gt; <button class=&quot;button-57&quot; role=&quot;button&quot;&gt;<span class=&quot;text&quot;&gt;Button 57</span&gt;<span&gt;Alternate text</span&gt;</button&gt; /* CSS */ .button-57 { position: relative; overflow: hidden; border: 1px solid #18181a; color: display: inline-block; font-size: 15px; line-height: padding: 18px 17px; text-decoration: none; cursor: pointer; background: #fff; user-select: -webkit-user-select: touch-action: manipulation; } span:first-child transition: color 600ms cubic-bezier(0.48, 0, 0.12, 1); z-index: 10; span:last-child white; block; absolute; bottom: 0; all 500ms 100; opacity: top: 50%; left: transform: translateY(225%) translateX(-50%); height: 14px; 13px; .button-57:after content: &quot;&quot;; -50%; width: 100%; background-color: black; transform-origin: bottom center; transform skewY(9.3deg) scaleY(0); 50; .button-57:hover:after scaleY(2); .button-57:hover translateX(-50%) translateY(-100%); 1; 900ms"><a class="wp-block-button__link has-vivid-cyan-blue-background-color has-background" href="https://drive.google.com/file/d/1KdUs35k90sxqVBvCkCcoDpExgm8agQHG/view?usp=drivesdk">Download</a></div>
</div>
<p>The post <a rel="nofollow" href="/2022/08/20/pika-show/">Pika Show</a> appeared first on <a rel="nofollow" href="/">Extreme Hub</a>.</p>
]]></content:encoded>
					
					<wfw:commentRss>/2022/08/20/pika-show/feed/</wfw:commentRss>
			<slash:comments>0</slash:comments>
		
		
			</item>
		<item>
		<title>Minecraft MOD Apk</title>
		<link>/2022/08/20/minecraft-mod-apk/</link>
					<comments>/2022/08/20/minecraft-mod-apk/#respond</comments>
		
		<dc:creator><![CDATA[Extreme Hub]]></dc:creator>
		<pubDate>Sat, 20 Aug 2022 17:06:06 +0000</pubDate>
				<category><![CDATA[APK]]></category>
		<guid isPermaLink="false">/2022/08/20/minecraft-mod-apk/</guid>

					<description><![CDATA[<p>The post <a rel="nofollow" href="/2022/08/20/minecraft-mod-apk/">Minecraft MOD Apk</a> appeared first on <a rel="nofollow" href="/">Extreme Hub</a>.</p>
]]></description>
										<content:encoded><![CDATA[<div class="wp-block-image">
<figure class="aligncenter size-large"><img decoding="async" loading="lazy" width="1024" height="640" src="/wp-content/uploads/2022/08/Minecraft-en-bref-en-fevrier-2022-1123023.-1024x640.jpg" alt="" class="wp-image-207" srcset="/wp-content/uploads/2022/08/Minecraft-en-bref-en-fevrier-2022-1123023.-1024x640.jpg 1024w, /wp-content/uploads/2022/08/Minecraft-en-bref-en-fevrier-2022-1123023.-300x188.jpg 300w, /wp-content/uploads/2022/08/Minecraft-en-bref-en-fevrier-2022-1123023.-600x375.jpg 600w, /wp-content/uploads/2022/08/Minecraft-en-bref-en-fevrier-2022-1123023.-768x480.jpg 768w, /wp-content/uploads/2022/08/Minecraft-en-bref-en-fevrier-2022-1123023.-1536x960.jpg 1536w, /wp-content/uploads/2022/08/Minecraft-en-bref-en-fevrier-2022-1123023.-1320x825.jpg 1320w, /wp-content/uploads/2022/08/Minecraft-en-bref-en-fevrier-2022-1123023..jpg 1920w" sizes="(max-width: 1024px) 100vw, 1024px" /></figure></div>


<div class="is-content-justification-center is-layout-flex wp-container-4 wp-block-buttons">
<div class="wp-block-button"><a class="wp-block-button__link has-vivid-cyan-blue-background-color has-background wp-element-button" href="https://drive.google.com/file/d/1KdUs35k90sxqVBvCkCcoDpExgm8agQHG/view?usp=drivesdk">Download</a></div>
</div>
<p>The post <a rel="nofollow" href="/2022/08/20/minecraft-mod-apk/">Minecraft MOD Apk</a> appeared first on <a rel="nofollow" href="/">Extreme Hub</a>.</p>
]]></content:encoded>
					
					<wfw:commentRss>/2022/08/20/minecraft-mod-apk/feed/</wfw:commentRss>
			<slash:comments>0</slash:comments>
		
		
			</item>
		<item>
		<title>Netflix MOD</title>
		<link>/2022/08/20/netflix-mod/</link>
					<comments>/2022/08/20/netflix-mod/#respond</comments>
		
		<dc:creator><![CDATA[Extreme Hub]]></dc:creator>
		<pubDate>Sat, 20 Aug 2022 17:04:18 +0000</pubDate>
				<category><![CDATA[APK]]></category>
		<guid isPermaLink="false">/2022/08/20/netflix-mod/</guid>

					<description><![CDATA[<p>The post <a rel="nofollow" href="/2022/08/20/netflix-mod/">Netflix MOD</a> appeared first on <a rel="nofollow" href="/">Extreme Hub</a>.</p>
]]></description>
										<content:encoded><![CDATA[<div class="wp-block-image">
<figure class="aligncenter size-large"><img decoding="async" loading="lazy" width="1024" height="768" src="/wp-content/uploads/2022/08/Netflix-logo-alternative-1024x768.webp" alt="" class="wp-image-205" srcset="/wp-content/uploads/2022/08/Netflix-logo-alternative-1024x768.webp 1024w, /wp-content/uploads/2022/08/Netflix-logo-alternative-300x225.webp 300w, /wp-content/uploads/2022/08/Netflix-logo-alternative-600x450.webp 600w, /wp-content/uploads/2022/08/Netflix-logo-alternative-768x576.webp 768w, /wp-content/uploads/2022/08/Netflix-logo-alternative-1536x1152.webp 1536w, /wp-content/uploads/2022/08/Netflix-logo-alternative-1320x990.webp 1320w, /wp-content/uploads/2022/08/Netflix-logo-alternative.webp 1920w" sizes="(max-width: 1024px) 100vw, 1024px" /></figure></div>


<div class="is-content-justification-center is-layout-flex wp-container-5 wp-block-buttons">
<div class="wp-block-button"><a class="wp-block-button__link has-vivid-cyan-blue-background-color has-background wp-element-button" href="https://drive.google.com/file/d/1KgTD3UNU3IulgZCD7kYOFYjr0aOWvjjT/view?usp=drivesdk">Download</a></div>
</div>
<p>The post <a rel="nofollow" href="/2022/08/20/netflix-mod/">Netflix MOD</a> appeared first on <a rel="nofollow" href="/">Extreme Hub</a>.</p>
]]></content:encoded>
					
					<wfw:commentRss>/2022/08/20/netflix-mod/feed/</wfw:commentRss>
			<slash:comments>0</slash:comments>
		
		
			</item>
		<item>
		<title>Plex movies and TV</title>
		<link>/2022/08/20/plex-movies-and-tv/</link>
					<comments>/2022/08/20/plex-movies-and-tv/#respond</comments>
		
		<dc:creator><![CDATA[Extreme Hub]]></dc:creator>
		<pubDate>Sat, 20 Aug 2022 17:02:36 +0000</pubDate>
				<category><![CDATA[APK]]></category>
		<guid isPermaLink="false">/2022/08/20/plex-movies-and-tv/</guid>

					<description><![CDATA[<p>The post <a rel="nofollow" href="/2022/08/20/plex-movies-and-tv/">Plex movies and TV</a> appeared first on <a rel="nofollow" href="/">Extreme Hub</a>.</p>
]]></description>
										<content:encoded><![CDATA[<div class="wp-block-image">
<figure class="aligncenter size-large"><img decoding="async" loading="lazy" width="1024" height="576" src="/wp-content/uploads/2022/08/maxresdefault-1024x576.jpg" alt="" class="wp-image-204" srcset="/wp-content/uploads/2022/08/maxresdefault-1024x576.jpg 1024w, /wp-content/uploads/2022/08/maxresdefault-300x169.jpg 300w, /wp-content/uploads/2022/08/maxresdefault-600x338.jpg 600w, /wp-content/uploads/2022/08/maxresdefault-768x432.jpg 768w, /wp-content/uploads/2022/08/maxresdefault.jpg 1280w" sizes="(max-width: 1024px) 100vw, 1024px" /></figure></div>


<div class="is-content-justification-center is-layout-flex wp-container-6 wp-block-buttons">
<div class="wp-block-button"><a class="wp-block-button__link has-vivid-cyan-blue-background-color has-background wp-element-button" href="https://drive.google.com/file/d/1KR2ZIJaAPkchreMVkytVjP53cNVtRtTG/view?usp=drivesdk">Download</a></div>
</div>
<p>The post <a rel="nofollow" href="/2022/08/20/plex-movies-and-tv/">Plex movies and TV</a> appeared first on <a rel="nofollow" href="/">Extreme Hub</a>.</p>
]]></content:encoded>
					
					<wfw:commentRss>/2022/08/20/plex-movies-and-tv/feed/</wfw:commentRss>
			<slash:comments>0</slash:comments>
		
		
			</item>
		<item>
		<title>Avast Mobile Security</title>
		<link>/2022/08/20/avast-mobile-security/</link>
					<comments>/2022/08/20/avast-mobile-security/#respond</comments>
		
		<dc:creator><![CDATA[Extreme Hub]]></dc:creator>
		<pubDate>Sat, 20 Aug 2022 17:00:30 +0000</pubDate>
				<category><![CDATA[APK]]></category>
		<guid isPermaLink="false">/2022/08/20/avast-mobile-security/</guid>

					<description><![CDATA[<p>The post <a rel="nofollow" href="/2022/08/20/avast-mobile-security/">Avast Mobile Security</a> appeared first on <a rel="nofollow" href="/">Extreme Hub</a>.</p>
]]></description>
										<content:encoded><![CDATA[<div class="wp-block-image">
<figure class="aligncenter size-large"><img decoding="async" loading="lazy" width="1024" height="538" src="/wp-content/uploads/2022/08/open-graph-image-1024x538.png" alt="" class="wp-image-206" srcset="/wp-content/uploads/2022/08/open-graph-image-1024x538.png 1024w, /wp-content/uploads/2022/08/open-graph-image-300x158.png 300w, /wp-content/uploads/2022/08/open-graph-image-600x315.png 600w, /wp-content/uploads/2022/08/open-graph-image-768x403.png 768w, /wp-content/uploads/2022/08/open-graph-image.png 1200w" sizes="(max-width: 1024px) 100vw, 1024px" /></figure></div>


<div class="is-content-justification-center is-layout-flex wp-container-7 wp-block-buttons">
<div class="wp-block-button"><a class="wp-block-button__link has-vivid-cyan-blue-background-color has-background wp-element-button" href="https://drive.google.com/file/d/1KjxcD7tH9n0bDgZvWUy36Z413LVAw8Fm/view?usp=drivesdk">Download</a></div>
</div>
<p>The post <a rel="nofollow" href="/2022/08/20/avast-mobile-security/">Avast Mobile Security</a> appeared first on <a rel="nofollow" href="/">Extreme Hub</a>.</p>
]]></content:encoded>
					
					<wfw:commentRss>/2022/08/20/avast-mobile-security/feed/</wfw:commentRss>
			<slash:comments>0</slash:comments>
		
		
			</item>
		<item>
		<title>Thop Tv</title>
		<link>/2022/08/20/thop-tv/</link>
					<comments>/2022/08/20/thop-tv/#respond</comments>
		
		<dc:creator><![CDATA[Extreme Hub]]></dc:creator>
		<pubDate>Sat, 20 Aug 2022 14:26:30 +0000</pubDate>
				<category><![CDATA[APK]]></category>
		<guid isPermaLink="false">/2022/08/19/thop-tv/</guid>

					<description><![CDATA[<p>The post <a rel="nofollow" href="/2022/08/20/thop-tv/">Thop Tv</a> appeared first on <a rel="nofollow" href="/">Extreme Hub</a>.</p>
]]></description>
										<content:encoded><![CDATA[<div class="wp-block-image">
<figure class="aligncenter size-large"><img decoding="async" loading="lazy" width="602" height="339" src="/wp-content/uploads/2022/08/main-qimg-93cf2ed14aa5e423f737f696922dc0a6.webp" alt="" class="wp-image-123" srcset="/wp-content/uploads/2022/08/main-qimg-93cf2ed14aa5e423f737f696922dc0a6.webp 602w, /wp-content/uploads/2022/08/main-qimg-93cf2ed14aa5e423f737f696922dc0a6-300x169.webp 300w, /wp-content/uploads/2022/08/main-qimg-93cf2ed14aa5e423f737f696922dc0a6-600x338.webp 600w" sizes="(max-width: 602px) 100vw, 602px" /></figure></div>


<div class="is-content-justification-center is-layout-flex wp-container-8 wp-block-buttons">
<div class="wp-block-button"><a class="wp-block-button__link has-vivid-cyan-blue-background-color has-background wp-element-button" href="https://drive.google.com/file/d/1kwQuCc3EV9JvrZOCI75GmmMZYfAXb8-B/view?usp=drivesdk">Download</a></div>
</div>
<p>The post <a rel="nofollow" href="/2022/08/20/thop-tv/">Thop Tv</a> appeared first on <a rel="nofollow" href="/">Extreme Hub</a>.</p>
]]></content:encoded>
					
					<wfw:commentRss>/2022/08/20/thop-tv/feed/</wfw:commentRss>
			<slash:comments>0</slash:comments>
		
		
			</item>
		<item>
		<title>Battlegrounds Mobile India (BGMI)</title>
		<link>/2022/08/20/youtube-vanced-manager-2/</link>
					<comments>/2022/08/20/youtube-vanced-manager-2/#respond</comments>
		
		<dc:creator><![CDATA[Extreme Hub]]></dc:creator>
		<pubDate>Sat, 20 Aug 2022 08:52:50 +0000</pubDate>
				<guid isPermaLink="false">/2022/08/20/youtube-vanced-manager-2/</guid>

					<description><![CDATA[<p>The post <a rel="nofollow" href="/2022/08/20/youtube-vanced-manager-2/">Battlegrounds Mobile India (BGMI)</a> appeared first on <a rel="nofollow" href="/">Extreme Hub</a>.</p>
]]></description>
										<content:encoded><![CDATA[
<figure class="wp-block-image size-large"><img decoding="async" loading="lazy" width="1024" height="576" src="/wp-content/uploads/2022/08/BGMI-1024x576.jpg" alt="" class="wp-image-156" srcset="/wp-content/uploads/2022/08/BGMI-1024x576.jpg 1024w, /wp-content/uploads/2022/08/BGMI-300x169.jpg 300w, /wp-content/uploads/2022/08/BGMI-600x338.jpg 600w, /wp-content/uploads/2022/08/BGMI-768x432.jpg 768w, /wp-content/uploads/2022/08/BGMI.jpg 1200w" sizes="(max-width: 1024px) 100vw, 1024px" /></figure>



<div class="is-content-justification-center is-layout-flex wp-container-9 wp-block-buttons">
<div class="wp-block-button"><a class="wp-block-button__link has-vivid-cyan-blue-background-color has-background wp-element-button" href="https://drive.google.com/file/d/176DLf8Hzmyk5QoJ15KEk1yAUyAX3Qq-5/view?usp=drivesdk" rel="">Download APK</a></div>
</div>
<p>The post <a rel="nofollow" href="/2022/08/20/youtube-vanced-manager-2/">Battlegrounds Mobile India (BGMI)</a> appeared first on <a rel="nofollow" href="/">Extreme Hub</a>.</p>
]]></content:encoded>
					
					<wfw:commentRss>/2022/08/20/youtube-vanced-manager-2/feed/</wfw:commentRss>
			<slash:comments>0</slash:comments>
		
		
			</item>
		<item>
		<title>Youtube Vanced Manager</title>
		<link>/2022/08/20/youtube-vanced-manager/</link>
					<comments>/2022/08/20/youtube-vanced-manager/#respond</comments>
		
		<dc:creator><![CDATA[Extreme Hub]]></dc:creator>
		<pubDate>Sat, 20 Aug 2022 03:00:08 +0000</pubDate>
				<category><![CDATA[APK]]></category>
		<guid isPermaLink="false">/2022/08/20/youtube-vanced-manager/</guid>

					<description><![CDATA[<p>The post <a rel="nofollow" href="/2022/08/20/youtube-vanced-manager/">Youtube Vanced Manager</a> appeared first on <a rel="nofollow" href="/">Extreme Hub</a>.</p>
]]></description>
										<content:encoded><![CDATA[
<figure class="wp-block-image size-large"><img decoding="async" loading="lazy" width="1024" height="672" src="/wp-content/uploads/2022/08/YouTube-Vanced-New-1024x672.webp" alt="" class="wp-image-141" srcset="/wp-content/uploads/2022/08/YouTube-Vanced-New-1024x672.webp 1024w, /wp-content/uploads/2022/08/YouTube-Vanced-New-300x197.webp 300w, /wp-content/uploads/2022/08/YouTube-Vanced-New-600x394.webp 600w, /wp-content/uploads/2022/08/YouTube-Vanced-New-768x504.webp 768w, /wp-content/uploads/2022/08/YouTube-Vanced-New.webp 1200w" sizes="(max-width: 1024px) 100vw, 1024px" /></figure>



<div class="is-content-justification-center is-layout-flex wp-container-10 wp-block-buttons">
<div class="wp-block-button"><a class="wp-block-button__link has-vivid-cyan-blue-background-color has-background wp-element-button" href="https://drive.google.com/file/d/1I3nvjxZKdn0afXKvf_R1FW8fwi4vcVa1/view?usp=drivesdk" rel="">Download</a></div>
</div>
<p>The post <a rel="nofollow" href="/2022/08/20/youtube-vanced-manager/">Youtube Vanced Manager</a> appeared first on <a rel="nofollow" href="/">Extreme Hub</a>.</p>
]]></content:encoded>
					
					<wfw:commentRss>/2022/08/20/youtube-vanced-manager/feed/</wfw:commentRss>
			<slash:comments>0</slash:comments>
		
		
			</item>
	</channel>
</rss>
